algorithm,n,cutoff,run,seconds,max_diff,ref_max
standard,64,0,1,0.0004832,0,21.99280892
strassen,64,64,1,0.0002672,0,21.99280892
standard,128,0,1,0.0021217,0,43.27223955
strassen,128,64,1,0.0029409,7.815970093e-14,43.27223955
standard,256,0,1,0.0208146,0,78.31220592
strassen,256,64,1,0.0187528,3.268496584e-13,78.31220592
standard,512,0,1,0.1640559,0,151.1671517
strassen,512,8,1,0.197583,7.673861546e-12,151.1671517
strassen,512,16,1,0.1467618,3.282707439e-12,151.1671517
strassen,512,32,1,0.1293089,2.245315045e-12,151.1671517
strassen,512,64,1,0.1401104,1.463718036e-12,151.1671517
strassen,512,128,1,0.1694472,8.526512829e-13,151.1671517
strassen,512,256,1,0.1905893,5.96855898e-13,151.1671517
strassen,512,512,1,0.1418376,0,151.1671517
standard,1024,0,1,1.2071702,0,287.470503
strassen,1024,8,1,1.22773,3.024069883e-11,287.470503
strassen,1024,16,1,0.8064213,1.466560207e-11,287.470503
strassen,1024,32,1,0.7252328,9.379164112e-12,287.470503
strassen,1024,64,1,0.7373669,5.96855898e-12,287.470503
strassen,1024,128,1,0.7835602,4.263256415e-12,287.470503
strassen,1024,256,1,0.818465,2.557953849e-12,287.470503
strassen,1024,512,1,0.9085303,1.818989404e-12,287.470503
strassen,1024,1024,1,1.1914938,0,287.470503
standard,2048,0,1,9.3653536,0,569.2147408
strassen,2048,8,1,7.9145576,1.703028829e-10,569.2147408
strassen,2048,16,1,5.6634385,7.048583939e-11,569.2147408
strassen,2048,32,1,5.1851757,4.604316928e-11,569.2147408
strassen,2048,64,1,5.287413,2.756905815e-11,569.2147408
strassen,2048,128,1,5.6734582,1.728039933e-11,569.2147408
strassen,2048,256,1,6.1287069,1.159605745e-11,569.2147408
strassen,2048,512,1,6.6910895,7.617018127e-12,569.2147408
strassen,2048,1024,1,8.4468289,5.343281373e-12,569.2147408
strassen,2048,2048,1,9.6733574,0,569.2147408
standard,64,0,2,0.0002955,0,21.64095169
strassen,64,64,2,0.000395,0,21.64095169
standard,128,0,2,0.0030942,0,41.58476647
strassen,128,64,2,0.0033455,7.105427358e-14,41.58476647
standard,256,0,2,0.0219027,0,77.72875497
strassen,256,64,2,0.0190816,3.126388037e-13,77.72875497
standard,512,0,2,0.1434121,0,152.0243734
strassen,512,8,2,0.1678281,5.371703082e-12,152.0243734
strassen,512,16,2,0.1147055,3.467448551e-12,152.0243734
strassen,512,32,2,0.1010291,1.932676241e-12,152.0243734
strassen,512,64,2,0.1116632,1.250555215e-12,152.0243734
strassen,512,128,2,0.1159681,1.051603249e-12,152.0243734
strassen,512,256,2,0.1284486,5.96855898e-13,152.0243734
strassen,512,512,2,0.1425071,0,152.0243734
standard,1024,0,2,1.2101164,0,290.2057389
strassen,1024,8,2,1.1775753,3.510081115e-11,290.2057389
strassen,1024,16,2,0.8144093,1.534772309e-11,290.2057389
strassen,1024,32,2,0.7343169,9.862333172e-12,290.2057389
strassen,1024,64,2,0.7556227,5.96855898e-12,290.2057389
strassen,1024,128,2,0.8459004,3.922195901e-12,290.2057389
strassen,1024,256,2,0.8939439,2.415845302e-12,290.2057389
strassen,1024,512,2,0.9704644,1.875832822e-12,290.2057389
strassen,1024,1024,2,1.2326208,0,290.2057389
standard,2048,0,2,10.3601515,0,563.3456199
strassen,2048,8,2,8.3723744,1.664943738e-10,563.3456199
strassen,2048,16,2,5.8186324,7.628386811e-11,563.3456199
strassen,2048,32,2,5.3421486,4.149569577e-11,563.3456199
strassen,2048,64,2,5.5542138,2.89333002e-11,563.3456199
strassen,2048,128,2,5.9504359,1.80762072e-11,563.3456199
strassen,2048,256,2,6.4019514,1.136868377e-11,563.3456199
strassen,2048,512,2,6.945472,8.185452316e-12,563.3456199
strassen,2048,1024,2,8.7130072,5.570655048e-12,563.3456199
strassen,2048,2048,2,9.8356157,0,563.3456199
standard,64,0,3,0.0002597,0,24.10451305
strassen,64,64,3,0.0005751,0,24.10451305
standard,128,0,3,0.0037203,0,42.03433188
strassen,128,64,3,0.004979,7.105427358e-14,42.03433188
standard,256,0,3,0.0237097,0,80.05711609
strassen,256,64,3,0.0196491,3.410605132e-13,80.05711609
standard,512,0,3,0.1475571,0,154.4201373
strassen,512,8,3,0.1671029,6.423306331e-12,154.4201373
strassen,512,16,3,0.1148423,3.97903932e-12,154.4201373
strassen,512,32,3,0.1092152,2.245315045e-12,154.4201373
strassen,512,64,3,0.1100466,1.26476607e-12,154.4201373
strassen,512,128,3,0.1181267,9.094947018e-13,154.4201373
strassen,512,256,3,0.1300722,6.821210263e-13,154.4201373
strassen,512,512,3,0.1429511,0,154.4201373
standard,1024,0,3,1.2328552,0,289.6358176
strassen,1024,8,3,1.3137507,3.228706191e-11,289.6358176
strassen,1024,16,3,0.9178502,1.602984412e-11,289.6358176
strassen,1024,32,3,0.8251873,9.49285095e-12,289.6358176
strassen,1024,64,3,0.8487728,5.911715562e-12,289.6358176
strassen,1024,128,3,0.9301906,3.865352483e-12,289.6358176
strassen,1024,256,3,1.0002105,2.785327524e-12,289.6358176
strassen,1024,512,3,1.0741216,1.818989404e-12,289.6358176
strassen,1024,1024,3,1.3505375,0,289.6358176
standard,2048,0,3,10.7265468,0,558.8929625
strassen,2048,8,3,9.1552583,1.526814231e-10,558.8929625
strassen,2048,16,3,6.4405387,7.344169717e-11,558.8929625
strassen,2048,32,3,5.8878937,4.945377441e-11,558.8929625
strassen,2048,64,3,6.0262762,2.819433575e-11,558.8929625
strassen,2048,128,3,6.493214,1.767830327e-11,558.8929625
strassen,2048,256,3,7.0507259,1.193711796e-11,558.8929625
strassen,2048,512,3,7.8330339,7.617018127e-12,558.8929625
strassen,2048,1024,3,10.793216,5.343281373e-12,558.8929625
strassen,2048,2048,3,11.7366743,0,558.8929625
standard,64,0,4,0.0003046,0,22.50417877
strassen,64,64,4,0.0003426,0,22.50417877
standard,128,0,4,0.0026687,0,40.98475347
strassen,128,64,4,0.0049105,7.815970093e-14,40.98475347
standard,256,0,4,0.0230226,0,77.12320281
strassen,256,64,4,0.0215602,3.268496584e-13,77.12320281
standard,512,0,4,0.1614519,0,148.9390992
strassen,512,8,4,0.1844152,7.133849067e-12,148.9390992
strassen,512,16,4,0.1315096,3.410605132e-12,148.9390992
strassen,512,32,4,0.1176516,2.103206498e-12,148.9390992
strassen,512,64,4,0.120586,1.364242053e-12,148.9390992
strassen,512,128,4,0.133212,9.663381206e-13,148.9390992
strassen,512,256,4,0.1446663,6.252776075e-13,148.9390992
strassen,512,512,4,0.1548718,0,148.9390992
standard,1024,0,4,1.3380287,0,286.1878655
strassen,1024,8,4,1.3407038,2.867750482e-11,286.1878655
strassen,1024,16,4,1.0696669,1.529087967e-11,286.1878655
strassen,1024,32,4,0.9084509,9.407585821e-12,286.1878655
strassen,1024,64,4,0.9390322,5.741185305e-12,286.1878655
strassen,1024,128,4,1.0152509,4.064304449e-12,286.1878655
strassen,1024,256,4,1.2371681,2.785327524e-12,286.1878655
strassen,1024,512,4,1.2360029,1.875832822e-12,286.1878655
strassen,1024,1024,4,1.459147,0,286.1878655
standard,2048,0,4,12.05085,0,565.260073
strassen,2048,8,4,11.1902297,1.421085472e-10,565.260073
strassen,2048,16,4,7.7568633,7.321432349e-11,565.260073
strassen,2048,32,4,7.0808802,4.968114808e-11,565.260073
strassen,2048,64,4,6.1325356,2.864908311e-11,565.260073
strassen,2048,128,4,6.4817387,1.739408617e-11,565.260073
strassen,2048,256,4,6.9632816,1.091393642e-11,565.260073
strassen,2048,512,4,7.7047334,7.389644452e-12,565.260073
strassen,2048,1024,4,9.5353038,5.229594535e-12,565.260073
strassen,2048,2048,4,12.0893273,0,565.260073
standard,64,0,5,0.0002831,0,22.99633296
strassen,64,64,5,0.0003324,0,22.99633296
standard,128,0,5,0.0029025,0,43.01690205
strassen,128,64,5,0.0065712,7.105427358e-14,43.01690205
standard,256,0,5,0.023162,0,77.71637035
strassen,256,64,5,0.0210931,2.842170943e-13,77.71637035
standard,512,0,5,0.1660357,0,150.4689926
strassen,512,8,5,0.1920047,6.309619494e-12,150.4689926
strassen,512,16,5,0.1267229,3.382183422e-12,150.4689926
strassen,512,32,5,0.1216914,2.529532139e-12,150.4689926
strassen,512,64,5,0.1186445,1.278976924e-12,150.4689926
strassen,512,128,5,0.1293594,9.094947018e-13,150.4689926
strassen,512,256,5,0.1460397,6.536993169e-13,150.4689926
strassen,512,512,5,0.1576489,0,150.4689926
standard,1024,0,5,1.3430282,0,288.315693
strassen,1024,8,5,1.3008025,3.393552106e-11,288.315693
strassen,1024,16,5,0.9078322,1.648459147e-11,288.315693
strassen,1024,32,5,0.828257,8.810729923e-12,288.315693
strassen,1024,64,5,0.8505306,6.082245818e-12,288.315693
strassen,1024,128,5,0.9127067,3.581135388e-12,288.315693
strassen,1024,256,5,0.9932174,2.671640686e-12,288.315693
strassen,1024,512,5,1.0658501,2.046363079e-12,288.315693
strassen,1024,1024,5,1.3449082,0,288.315693
standard,2048,0,5,10.7511552,0,566.3192009
strassen,2048,8,5,9.1522869,1.240891834e-10,566.3192009
strassen,2048,16,5,6.475779,7.980816008e-11,566.3192009
strassen,2048,32,5,5.8733265,4.592948244e-11,566.3192009
strassen,2048,64,5,5.993398,2.5920599e-11,566.3192009
strassen,2048,128,5,6.4820694,1.71667125e-11,566.3192009
strassen,2048,256,5,7.0000348,1.068656275e-11,566.3192009
strassen,2048,512,5,7.4967847,8.526512829e-12,566.3192009
strassen,2048,1024,5,9.4983402,5.400124792e-12,566.3192009
strassen,2048,2048,5,10.7479586,0,566.3192009
